Provide Services for Veterans and Eligible Beneficiaries,Conduct Disaster Management Activities
Support Delivery of Services,Conduct Revenue Collection
Support Delivery of Services,Conduct Internal Risk Management and Mitigation
Manage Government Resources,Information and Technology Management
Support Delivery of Services,Conduct Legislative Relations
Support Delivery of Services,Conduct Public Affairs
Manage Government Resources,Conduct Administrative Management
Support Delivery of Services,Conduct Regulatory Development
Provide Services for Veterans and Eligible Beneficiaries,Ensure Income Security
Manage Government Resources,Conduct Human Resource Management
Provide Services for Veterans and Eligible Beneficiaries,Provide Health Care
Provide Services for Veterans and Eligible Beneficiaries,Provide Education Benefits
Provide Services for Veterans and Eligible Beneficiaries,Provide Memorial Services
Support Delivery of Services,"Conduct Planning, Programming and Budgeting"
Manage Government Resources,Conduct Financial Management
Manage Government Resources,Supply Chain Management
Provide Services for Veterans and Eligible Beneficiaries,Promote Workforce and Economic Development
Support Delivery of Services,Provide Controls and Oversight
